price,percentage
790,
2190,
1990,
1795,
1339,
2550,
3150,
1550,
570,
280,
955,
690,
520,
700,
730,
4299,
470,
820,
690,
1859,
670,
840,
1950,
1320,
140,
690,
820,
2530,
570,
1870,
920,
2250,
1520,
1790,
399,
1550,
2290,14.41
2330,
980,
2420,
499,
1640,
2710,
1530,
3190,
1899,
580,
470,
1750,
2170,
1740,
1690,
2140,
770,
290,
4950,
2299,
1760,
1730,
2150,
2450,
1599,
2249,
2070,
1020,
3150,
830,
199,
1650,
1349,
1570,
2290,14.41
619,
1980,
470,
590,
720,
3310,
2030,
748,
930,
780,
870,28.85
260,
1670,
660,
299,
649,
1330,
1120,
1670,
1600,
1749,
349,
1880,
1570,
2690,
2390,
1570,
1090,
2150,
1490,
1450,
1980,
1950,
390,
1520,
2430,
590,
1340,
3500,
1250,
1189,
3550,
1580,
2349,
1889,
430,
2099,
570,
1590,
2950,
4790,
2710,
929,
1070,
1570,
2690,
2420,
1850,
499,
1540,
1620,
640,
650,
1120,
1030,
1540,
1260,
2780,
2250,
3050,
1550,
219,
469,
2550,
2229,
690,
260,
1650,
3099,
790,
2430,
2620,
2760,
490,
3290,
3320,
2399,
1100,
699,
2849,
3060,
1350,
1690,
1770,
1760,
230,
3490,
729,
649,
1089,
2310,
2150,
2290,14.41
2140,
1850,
335,
460,
1949,
849,
1060,
650,
250,
3990,
749,
1600,
279,
2999,
740,
1090,
2700,
889,
450,
1920,
2620,
1120,
390,
1890,17.46
2250,
810,
1129,
700,
650,
1350,
430,
490,
1499,
990,
4699,
3480,10.91
590,
1590,
2150,
2350,
2099,
3490,
1570,
499,
2450,
580,
3090,
890,
2830,
2720,
4150,
2690,
938,
2820,
1020,
2439,
1650,
990,
1790,
720,
499,
4380,
899,
1730,
1520,
1180,
760,
1490,
570,
1500,
830,
920,
350,
750,
1229,
1120,
690,
850,
3090,
2790,
699,
2690,
4230,
480,
4080,
270,
580,
1550,
1590,
650,
1380,
850,
1190,
650,
1790,
2440,
399,
1880,
2630,
1090,
1690,
950,
1920,
1690,
1960,
2990,
450,
1430,
460,
1999,
810,
3149,
320,
2550,
2359,
2699,
730,
2490,
900,
680,
1750,
840,
1290,
890,
250,
2050,
2140,
3350,
3550,
2510,
920,
640,
4890,
1350,
1890,17.46
780,
1790,
2100,
2390,
2690,
1020,
770,
1470,
1230,
2770,
1790,
4770,
1870,
520,
2880,
630,
1860,
1580,
900,
990,
1210,
1720,
2850,
720,
1659,
2950,
2690,
1990,
499,
2690,
1599,
1690,
1320,
440,
630,
630,
720,
1320,
2950,
1118,
2500,
790,
870,28.85
3599,
1850,
1750,
530,
2470,
3050,
1990,
2660,
1470,
1730,
2520,
590,
1710,
3690,
430,
1090,
2229,
3080,
480,
850,
1750,
1650,
2750,
4290,
3120,
2499,
1990,
1380,
660,
2260,
2120,
248,
1859,
1690,
550,
1540,
2699,
2470,
2100,
1540,
3550,
1120,
1730,
780,
1450,
590,
599,
2149,
1820,
2650,
890,
2440,
2180,
859,
2080,
1760,
1800,
2330,
890,
950,
1730,
829,
899,
1950,
1380,
1490,
2930,
2750,
3099,
2277,
799,
790,
1200,
1890,17.46
980,
2590,
999,
850,
2690,
2390,
4530,
1939,
2150,
1950,
1040,
2240,
1790,
2559,
1770,
4490,
290,
1780,
1820,
1180,
1399,
2060,
2090,
2830,
1360,
1160,
850,
1559,
2199,
2049,
2480,
2399,
3299,
1930,
450,
1740,
2459,
1810,
3420,
1090,
2390,
2490,
3250,
1940,
1620,
4300,
830,
2120,
2699,
3199,
1450,
2330,
850,
430,
1630,
2320,
590,
2450,
2690,
1580,
820,
3300,
850,
2720,
1980,
2280,
550,
2499,
3230,
3150,
2400,
900,
1070,
890,
1280,
2850,
1830,
1250,
650,
3400,
780,
3380,
2190,
3550,
1850,
3500,
3540,
880,
1500,
1799,
3449,
3900,
590,
659,
2080,
2039,
1300,
2470,
1900,
770,
3050,
530,
1350,
1799,
1190,
1430,
2400,
2100,
2200,
2000,
3500,
2500,
3130,
430,
2570,
1020,
650,
360,
1150,
1539,
550,
1950,
680,
5320,
2900,
950,
1918,
2099,
1150,
2430,
1069,
920,
889,
2140,
549,
4920,
1610,
1460,
730,
1180,
269,
3000,
2930,
600,
2199,
2440,
1500,
2290,14.41
1990,
2350,
1550,
1720,
999,
265,
1760,
2600,
375,
1830,
4090,
740,
790,
2840,
610,
3450,
1599,
650,
2990,
1649,
2320,
1900,
550,
1799,
720,
2330,
1400,
448,
560,
990,
1950,
1330,
2150,
3390,
650,
1790,
2240,
2790,
699,
840,
2469,
2450,
3640,
830,
270,
2150,
1680,
2440,
1890,17.46
1250,
1230,
750,
2260,
2259,
490,
760,
1530,
1050,
3440,
2550,
2840,
2520,
2270,
1440,
790,
1950,
850,
930,
1459,
2630,
2119,
1500,
1950,
2690,
2230,
630,
1950,
429,
2570,
2490,
2680,
2630,
2190,
3350,
2790,
1020,
2220,
860,
4350,
2499,
2900,
250,
920,
1190,
1970,
190,
3880,
1649,
2950,
2450,
2490,
3150,
1290,
2299,
830,
2530,
650,
570,
2870,
2840,
2470,
590,
490,
990,
3070,
1790,
1850,
790,
620,
580,
3130,
2555,
2899,
2730,
1430,
1799,
2390,
2190,
2990,
2050,
2090,
2399,
2650,
2850,
2670,
1270,
1140,
1150,
2330,
830,
340,
1760,
2890,
1180,
540,
430,
650,
2995,
489,
1799,
2250,
1690,
1670,
1790,
920,
680,
635,
690,
470,
2990,
1849,
2249,
1750,
2320,
2840,
880,
2930,
2940,
390,
2999,
670,
950,
2399,
3380,
2650,
1970,
1640,
2420,
1470,
620,
1300,
1700,
1950,
870,28.85
1620,
2450,
999,
620,
1320,
1589,
880,
220,
320,
2839,
310,
2630,
1150,
1890,17.46
1139,
2890,
1390,
820,
750,
690,
1810,
1030,
1060,
999,
550,
3030,
2220,
880,
1669,
699,
2600,
2800,
1590,
2130,
1800,
1850,
2650,
950,
2079,
2890,
650,
1489,
790,
720,
4690,
690,
1699,
1990,
320,
2290,14.41
1690,
800,
590,
2050,
1270,
630,
1550,
1160,
1780,
760,
2780,
560,
490,
290,
700,
460,
1950,
1060,
3130,
1780,
1570,
499,
1400,
500,
1550,
1620,
1520,
1890,17.46
857,
1000,
480,
2160,
499,
2120,
1530,
820,
1180,
3750,
650,
890,
1400,
1850,
2920,
590,
1750,
2380,
1290,
2510,
850,
1100,
1329,
1199,
1239,
1230,
669,
490,
1930,
1200,
300,
850,
970,
1850,
390,
480,
970,
590,
350,
499,
790,
1499,
1060,
620,
2570,
1220,
1840,
2050,
1660,
1880,
1520,
2350,
2250,
2590,
2190,
1790,
1950,
3330,
549,
1170,
3980,
2250,
4340,
950,
4100,
1020,
2690,
3590,
590,
650,
830,
2980,
1080,
730,
1860,
1950,
2039,
1150,
2290,14.41
1990,
899,
1080,
3380,
399,
2049,
2950,
2900,
1620,
849,
2640,
720,
1689,
2660,
2830,
1589,
3390,
2890,
1050,
2130,
599,
1540,
3150,
4790,
769,
1670,
699,
1350,
1650,
730,
730,
1430,
2000,
880,
880,
480,
490,
550,
430,
2880,
1770,
2150,
750,
1790,
2670,
1740,
1050,
2150,
1225,
2630,
2190,
1850,
1290,
2599,
3490,
2150,
1550,
3590,
790,
1390,
2590,
2990,
2750,
1999,
2590,
1870,
740,
1050,
850,
1900,
500,
440,
720,
2780,
4430,
690,
1590,
1500,
899,
2750,
1470,
640,
2490,
2490,
850,
680,
1660,
670,
1880,
1970,
1580,
1430,
1590,
590,
2650,
1960,
670,
2570,
1750,
1140,
699,
650,
3390,
4150,
810,
599,
499,
1699,
599,
750,
3140,
390,
2990,
490,
1980,
2150,
600,
490,
620,
2820,
750,
1750,
1470,
399,
1589,
1699,
2050,
2149,
430,
339,
690,
1665,
1920,
240,
2600,
2250,
1670,
4250,
1190,
790,
820,
330,
1290,
1120,
990,
3160,
3250,
540,
840,
650,
1390,
960,
1329,
1450,
740,
790,
1560,
1690,
1940,
449,
990,
990,
2500,
1880,
2100,
890,
3880,
550,
2890,
1760,
990,
799,
2380,
1630,
690,
750,
950,
500,
460,
500,
290,
600,
780,
530,
700,
790,
870,28.85
1750,
2950,
4850,
1290,
2370,
860,
830,
449,
1390,
980,
1880,
1100,
650,
830,
1530,
1980,
2250,
3120,
630,
1129,
1720,
2890,
3590,
590,
980,
1150,
355,
579,
1780,
1220,
2350,
2720,
2350,
2550,
2390,
1060,
1390,
950,
1980,
2330,
2150,
2750,
599,
630,
1580,
1349,
1049,
1649,
1599,
1499,
1499,
2399,
2570,
699,
1260,
4390,
2220,
1100,
3099,
860,
470,
3150,
450,
399,
1750,
2000,
3170,
2120,
2170,
4400,
870,28.85
950,
340,
1749,
999,
999,
1990,
3050,
1549,
1279,
2249,
2299,
350,
1720,
850,
2790,
2440,
879,
3200,
1190,
1590,
1690,
1360,
1730,
2550,
610,
1500,
2550,
1190,
1949,
2899,
450,
2320,
3490,
1430,
390,
880,
1780,
550,
1790,
870,28.85
1190,
2050,
2520,
1020,
880,
760,
449,
1790,
1250,
2390,
2120,
1090,
2680,
830,
2200,
990,
1830,
4290,
3360,
410,
430,
1220,
520,
950,
5097,
1970,
2220,
2800,
2600,
390,
3690,
980,
849,
849,
1690,
750,
1230,
2290,14.41
2360,
349,
939,
1550,
4020,
1860,
430,
4790,
620,
4840,
2190,
2630,
2650,
2970,
2180,
259,
1510,
2480,
2849,
2090,
2190,
1190,
1320,
1920,
2150,
1890,17.46
830,
780,
2030,
920,
2390,
1650,
2460,
1139,
1849,
1200,
1699,
760,
2940,
1550,
3000,
1050,
2050,
530,
1150,
3260,
459,
2190,
2090,
2350,
1970,
590,
550,
2250,
2899,
1300,
550,
550,
1250,
2790,
4550,
1780,
2050,
2050,
1750,
2799,
2950,
1990,
689,
3450,
2920,
3050,
2360,
870,28.85
450,
1930,
2060,
690,
2380,
2490,
4350,
589,
2600,
399,
630,
1880,
1499,
2930,
630,
930,
1660,
2890,
1050,
1139,
960,
4020,
720,
2290,14.41
1960,
2190,
2030,
2090,
1980,
1760,
2799,
1280,
2390,
1120,
2369,
2390,
2600,
2290,14.41
630,
2690,
1450,
1490,
2370,
1630,
730,
1180,
680,
2249,
489,
1590,
269,
1890,17.46
2450,
1230,
1270,
850,
1840,
690,
810,
489,
3270,
3370,
690,
2420,
490,
2139,
1850,
499,
1750,
560,
1895,
1150,
1370,
2650,
499,
1740,
1090,
2190,
1430,
1360,
520,
1200,
950,
1660,
900,
3620,
5150,
980,
4190,
650,
1090,
2750,
2920,
990,
700,
977,
1420,
1550,
2680,
3050,
750,
680,
1680,
960,
2590,
820,
1720,
690,
1050,
790,
2250,
1570,
240,
770,
1030,
950,
1090,
1510,
690,
1890,17.46
1650,
3130,
960,
1800,
2230,
2730,
1730,
630,
2430,
2390,
2580,
2380,
4540,
1775,
2190,
599,
530,
2490,
3830,
4950,
720,
585,
785,
3260,
770,
770,
1560,
240,
1699,
1949,
1899,
1999,
1799,
949,
1599,
1849,
1650,
1120,
560,
1690,
720,
1190,
2550,
1480,
1190,
930,
790,
4799,
799,
5190,
4690,
2050,
1360,
1790,
845,
1390,
690,
2599,
1230,
930,
2950,
2280,
370,
450,
1899,
1699,
2129,
1750,
2280,
1280,
850,
3190,
3390,
2040,
820,
2100,
350,
890,
890,
899,
849,
1839,
680,
2580,
740,
3380,
1450,
1590,
1600,
950,
1120,
950,
2730,
1249,
1190,
715,
2590,
899,
1450,
1310,
1290,
1030,
530,
780,
590,
1220,
970,
1640,
1120,
2350,
1790,
2200,
899,
740,
2130,
1699,
1599,
2090,
940,
970,
3399,
580,
1630,
455,
1830,
340,
4890,
699,
2699,
1599,
1900,
2200,
2699,
1630,
190,
2050,
3109,
1450,
650,
290,
1070,
1590,
1300,
3890,
1250,
1290,
1930,
830,
2320,
2370,
3850,
2190,
2550,
570,
330,
1090,
1940,
1740,
1140,
4800,
2059,
1090,
1570,
620,
2100,
660,
1249,
2349,
1180,
1150,
2550,
2799,
1950,
2380,
1250,
2690,
1200,
1299,
979,
2350,
3220,
649,
1250,
350,
399,
1700,
480,
1840,
2839,
490,
780,
2750,
640,
740,
550,
2750,
2680,
2350,
420,
2630,
1770,
1499,
999,
2490,
1850,
730,
1690,
419,
4539,
570,
3350,
1190,
630,
2750,
760,
599,
860,
940,
1999,
2590,
210,
1080,
1300,
1470,
1540,
3799,
1550,
1770,
1870,
1650,
1130,
1700,
2650,
1499,
1950,
1590,
580,
1750,
1150,
3399,
2580,
1860,
1850,
1950,
2100,
960,
1099,
1250,
2250,
499,
2700,
795,
955,
1090,
2479,
500,
670,
849,
1999,
850,
380,
1980,
2190,
2200,
2490,
1970,
299,
399,
1150,
1100,
3090,
1230,
3099,
3100,
1680,
789,
1500,
820,
2030,
990,
2490,
850,
900,
5450,
2160,
2200,
2950,
879,
2730,
499,
2800,
2900,
2630,
2899,
1150,
930,
450,
2135,
450,
370,
1255,
390,
3550,
1680,
770,
980,
2190,
500,
490,
3650,
299,
1690,
2120,
1850,
2280,
680,
980,
3230,
750,
2890,
1450,
1299,
1250,
750,
970,
1990,
1530,
590,
1450,
1390,
590,
479,
679,
540,
690,
1090,
2250,
2190,
520,
3480,10.91
590,
1850,
5030,
2050,
2790,
770,
1370,
1490,
630,
1550,
2080,
850,
1120,
450,
1590,
2699,
1970,
1750,
1870,
770,
830,
4590,
3200,
890,
1720,
2840,
790,
3600,
890,
2530,
399,
1350,
999,
630,
2790,
1999,
2089,
2160,
1949,
1889,
1999,
2249,
2729,
590,
1899,
1948,
1800,
2090,
920,
2590,
3150,
750,
3200,
520,
2930,
2660,
2670,
2890,
2930,
3090,
1090,
2350,
1420,
1550,
1550,
699,
2990,
2399,
1290,
1150,
2250,
1690,
2390,
320,
2250,
550,
2730,
950,
1150,
2290,14.41
1090,
2780,
550,
290,
1750,
3150,
750,
2790,
999,
1650,
2090,
940,
2590,
2830,
1670,
370,
2470,
2290,14.41
1680,
760,
2840,
800,
780,
2250,
999,
1550,
740,
1899,
920,
2180,
750,
890,
1390,
1280,
1450,
1629,
2160,
2259,
1239,
1510,
720,
3490,
890,
2150,
1970,
3399,
2400,
1880,
1890,17.46
430,
770,
800,
2000,
990,
590,
880,
1480,
3970,
1690,
2720,
3800,
670,
640,
2290,14.41
1720,
1680,
1320,
199,
650,
1990,
730,
3450,
2030,
2850,
3500,
1590,
1990,
290,
1850,
1750,
2350,
920,
770,
469,
1290,
193,
329,
799,
400,
2750,
1850,
520,
1580,
419,
380,
650,
799,
2420,
280,
269,
350,
290,
520,
1570,
1390,
750,
590,
459,
1690,
979,
3350,
1490,
1590,
1990,
1399,
1459,
1399,
1399,
1455,
960,
560,
2790,
2750,
1590,
710,
730,
1599,
1700,
375,
2330,
630,
2140,
1380,
1299,
1490,
400,
1300,
650,
640,
3400,
1989,
1320,
1589,
570,
1280,
2280,
1090,
690,
750,
650,
899,
1180,
1095,
580,
690,
670,
1140,
2180,
1580,
650,
910,
1120,
990,
2090,
1499,
1990,
740,
950,
1089,
1430,
580,
1260,
1650,
1770,
1250,
1650,
1590,
2270,
2050,
399,
575,
460,
1080,
629,
670,
1040,
4299,
2199,
2280,
920,
649,
660,
1599,
620,
1420,
1139,
1169,
470,
1079,
1530,
2590,
479,
970,
2720,
2520,
2070,
949,
2170,
600,
520,
450,
2020,
970,
499,
1200,
1850,
680,
1350,
3490,
650,
1650,
790,
730,
1550,
2670,
599,
1770,
999,
2200,
990,
470,
619,
4110,
1450,
845,
2790,
2050,
1020,
1559,
2650,
1499,
1459,
1780,
999,
700,
680,
1490,
655,
710,
1050,
2430,
1620,
1750,
950,
2550,
1590,
630,
2390,
1229,
899,
950,
590,
720,
2520,
1470,
730,
1290,
1050,
560,
2180,
1988,
1950,
1220,
770,
1659,
1230,
698,
1320,
789,
530,
2899,
849,
350,
480,
699,
1750,
810,
3290,
1290,
1560,
2130,
640,
370,
419,
870,28.85
2130,
709,
430,
749,
2150,
3170,
3550,
690,
1390,
2790,
1410,
549,
320,
3000,
1220,
780,
460,
810,
620,
469,
1630,
2349,
2610,
289,
2640,
990,
1230,
450,
2810,
1380,
940,
1600,
710,
570,
1740,
2650,
1050,
450,
1650,
720,
1200,
299,
2199,
620,
2390,
1880,
1700,
1750,
1080,
900,
1330,
879,
499,
1530,
700,
499,
419,
530,
420,
990,
550,
1250,
1170,
770,
1870,
400,
1390,
497,
1030,
830,
2250,
2790,
990,
950,
2290,14.41
830,
539,
1880,
1759,
480,
400,
1520,
1530,
1110,
1980,
2549,
2440,
3450,
1590,
249,
650,
650,
2550,
1499,
630,
1020,
950,
2340,
950,
1250,
1720,
2590,
1350,
1090,
370,
1930,
2550,
770,
1950,
799,
1940,
1290,
1050,
1349,
1390,
2200,
730,
1650,
599,
1980,
390,
830,
1430,
1100,
2090,
1950,
3670,
360,
930,
650,
1390,
1170,
520,
3980,
1130,
630,
1499,
1420,
430,
420,
1240,
1399,
1690,
1590,
2330,
920,
500,
590,
720,
2470,
1120,
830,
370,
580,
590,
890,
1490,
1650,
2590,
720,
1790,
1070,
520,
1690,
470,
2450,
1180,
2590,
1350,
1510,
1240,
1330,
614,
440,
1030,
2550,
850,
1200,
1170,
1250,
1880,
1090,
1330,
1460,
740,
2480,
699,
1470,
2850,
1830,
510,
650,
2249,
690,
2130,
2450,
1950,
1290,
730,
1400,
1640,
450,
3100,
2300,
850,
2220,
449,
520,
699,
1895,
1130,
990,
1630,
1595,
1495,
2640,
1250,
400,
1530,
2990,
599,
1880,
820,
1400,
1820,
2230,
1320,
480,
590,
400,
2920,
1970,
1720,
1559,
1590,
2190,
2390,
2660,
640,
500,
670,
550,
630,
1459,
560,
620,
1750,
510,
2450,
660,
1590,
319,
1950,
820,
550,
790,
2580,
319,
1559,
1390,
750,
1590,
1680,
460,
2900,
2450,
1849,
520,
1550,
1300,
1390,
720,
599,
650,
980,
650,
740,
550,
1460,
1930,
4180,
880,
430,
769,
740,
480,
489,
690,
1200,
2750,
2699,
550,
1190,
1030,
630,
1390,
1310,
1330,
1370,
549,
340,
549,
520,
900,
1870,
1680,
1780,
1390,
700,
1530,
2220,
3000,
1550,
1250,
1999,
2290,14.41
709,
1119,
530,
630,
1370,
870,28.85
1420,
630,
850,
900,
720,
940,
599,
780,
793,
560,
380,
1699,
650,
1280,
1399,
1850,
2250,
2180,
1670,
980,
2790,
1360,
430,
2560,
1500,
650,
990,
1700,
1130,
2310,
1499,
620,
750,
1590,
1850,
780,
549,
1850,
950,
289,
990,
597,
540,
750,
1690,
1100,
500,
350,
450,
860,
2040,
1520,
2130,
1030,
1150,
1250,
499,
599,
1049,
1650,
730,
730,
2100,
570,
450,
2540,
2490,
790,
1599,
590,
770,
2150,
980,
1070,
2790,
2970,
900,
990,
600,
560,
1949,
850,
2300,
1790,
1120,
1250,
690,
550,
940,
1830,
1540,
1380,
390,
1080,
549,
850,
650,
2490,
1980,
559,
1190,
1950,
1120,
530,
490,
1590,
870,28.85
690,
1750,
1450,
680,
2560,
550,
790,
1970,
2980,
2850,
1470,
1290,
2990,
1750,
470,
850,
2100,
1380,
2180,
1750,
360,
2040,
600,
450,
1520,
1120,
2259,
2290,14.41
690,
1430,
499,
2790,
1230,
2170,
1699,
1350,
390,
2750,
1399,
2190,
1160,
920,
650,
370,
2880,
1670,
350,
490,
1090,
1020,
1540,
1840,
1790,
1750,
1690,
1730,
990,
2250,
1790,
1350,
1600,
800,
499,
1070,
750,
1139,
1080,
2130,
700,
490,
620,
499,
1300,
1180,
1430,
2430,
680,
790,
2290,14.41
1790,
960,
1860,
2050,
2990,
1060,
1499,
970,
920,
400,
1399,
1780,
1670,
650,
2090,
720,
1299,
1370,
950,
3680,
530,
440,
1159,
930,
1099,
1690,
960,
1850,
1730,
1350,
1600,
580,
1560,
1230,
650,
1490,
580,
1590,
2350,
2410,
1680,
1160,
1100,
1100,
1050,
1060,
710,
1070,
660,
850,
699,
2590,
750,
790,
1480,
1250,
587,
780,
590,
420,
3220,
1570,
1200,
620,
2580,
1200,
1530,
629,
1450,
400,
1155,
2450,
650,
570,
389,
2430,
739,
2090,
499,
1549,
1650,
730,
1580,
1850,
1650,
850,
915,
1780,
1410,
2790,
700,
500,
2300,
2980,
1920,
820,
1850,
1800,
439,
1769,
1930,
930,
1990,
790,
1420,
1590,
3330,
1699,
2290,14.41
890,
440,
1250,
1270,
600,
399,
800,
950,
1380,
1540,
1140,
799,
1490,
1350,
1950,
2330,
1999,
990,
1040,
790,
980,
480,
2399,
2150,
499,
530,
455,
700,
2600,
250,
2140,
1695,
990,
760,
1690,
1370,
460,
840,
1990,
2235,
1450,
1690,
990,
1290,
850,
2570,
1120,
630,
660,
880,
550,
1449,
980,
2240,
1980,
1380,
1180,
470,
269,
2560,
4190,
2530,
1700,
439,
1620,
1799,
469,
550,
770,
1680,
1690,
550,
680,
2630,
2030,
1420,
380,
1630,
1420,
2550,
2310,
359,
450,
590,
550,
2990,
920,
620,
2650,
1950,
530,
999,
740,
770,
3200,
1689,
2990,
2350,
3050,
770,
2150,
1690,
690,
690,
1039,
1870,
2880,
699,
770,
399,
690,
830,
490,
750,
650,
970,
1590,
1680,
1270,
1275,
1470,
920,
1030,
1900,
550,
1550,
2080,
550,
540,
889,
390,
1690,
820,
450,
2450,
730,
1899,
1620,
1580,
2680,
1550,
590,
1180,
429,
520,
3530,
1580,
2679,
750,
1890,17.46
680,
630,
430,
1030,
2980,
620,
1370,
1250,
1750,
1550,
800,
1830,
1590,
380,
480,
2790,
450,
1649,
2200,
650,
450,
2790,
1690,
700,
1410,
1850,
2350,
2900,
529,
870,28.85
1350,
1359,
2399,
1740,
620,
610,
870,28.85
1570,
2420,
630,
1300,
1780,
1200,
2320,
1500,
2020,
1480,
450,
750,
619,
2430,
1050,
1590,
800,
2400,
750,
1190,
650,
540,
650,
950,
1190,
420,
1860,
550,
380,
550,
630,
2420,
480,
1340,
2250,
490,
1760,
1040,
1555,
1455,
1465,
755,
1410,
1560,
1800,
1499,
2720,
2520,
630,
800,
750,
699,
2690,
1290,
1130,
2490,
988,
748,
3350,
829,
1190,
2100,
780,
699,
739,
1270,
2170,
1070,
2420,
750,
270,
799,
550,
1990,
940,
450,
390,
880,
380,
2590,
970,
1420,
1699,
2170,
2590,
890,
620,
1590,
1270,
580,
1350,
530,
1400,
1550,
930,
1350,
1850,
440,
1750,
550,
750,
790,
880,
2150,
1800,
4150,
1220,
560,
2250,
1820,
490,
750,
690,
2390,
1450,
720,
800,
2130,
1899,
1670,
2899,
2199,
1600,
1910,
2300,
650,
1220,
310,
860,
440,
2630,
2170,
2630,
2970,
630,
350,
1280,
659,
750,
419,
1750,
360,
450,
2850,
1750,
1220,
2550,
450,
1379,
2430,
3060,
1050,
980,
790,
1050,
630,
380,
700,
500,
450,
2580,
1680,
1599,
1349,
1349,
950,
3070,
690,
630,
2340,
499,
2150,
370,
930,
2099,
350,
740,
940,
550,
1250,
850,
2070,
990,
2990,
699,
1499,
650,
650,
2699,
790,
2090,
490,
2140,
2290,14.41
410,
2050,
1449,
1680,
530,
1420,
600,
2530,
1900,
1450,
499,
789,
399,
2370,
1899,
730,
1390,
570,
620,
1750,
490,
1700,
3380,
1670,
490,
1040,
1830,
970,
1250,
1350,
1490,
2699,
600,
1099,
1160,
1310,
1390,
1700,
1760,
1800,
1650,
1920,
3399,
890,
399,
850,
850,
980,
670,
550,
440,
1990,
1650,
1050,
920,
1520,
1650,
1430,
890,
1400,
1799,
1750,
1550,
1660,
930,
380,
420,
1699,
680,
980,
650,
1559,
1640,
680,
2330,
1220,
1220,
1480,
899,
2149,
1250,
1590,
500,
2470,
450,
2580,
1450,
970,
600,
1150,
1695,
1750,
370,
580,
1770,
750,
580,
490,
2370,
660,
2390,
650,
599,
2499,
1490,
3640,
520,
2070,
1870,
480,
1430,
720,
1230,
860,
1850,
799,
780,
575,
950,
630,
450,
399,
600,
670,
509,
569,
1320,
2590,
1299,
1150,
380,
1040,
490,
530,
1999,
910,
509,
449,
1399,
1450,
800,
1120,
2140,
1260,
600,
1559,
1499,
590,
1510,
3080,
2470,
680,
670,
690,
590,
1090,
710,
1520,
2120,
580,
1620,
380,
669,
2870,
480,
1880,
1490,
1290,
2780,
750,
1590,
1980,
790,
819,
1190,
860,
1480,
640,
1260,
555,
1030,
510,
455,
2550,
1649,
1650,
680,
2670,
550,
2350,
880,
630,
1390,
1180,
640,
3480,10.91
2450,
649,
450,
790,
2190,
1185,
1050,
790,
620,
1199,
820,
750,
2330,
390,
2040,
1620,
360,
999,
1100,
2290,14.41
1799,
2310,
399,
590,
2520,
2950,
680,
640,
720,
390,
1740,
1480,
499,
2399,
630,
650,
1990,
1690,
1720,
520,
650,
1550,
1649,
780,
1380,
1150,
620,
750,
830,
650,
1530,
490,
1480,
790,
830,
2690,
2450,
650,
1730,
450,
2340,
2890,
620,
650,
2120,
550,
700,
820,
1160,
1080,
2720,
770,
1730,
1050,
500,
590,
2350,
2129,
920,
690,
1850,
2099,
2590,
450,
740,
699,
1299,
1460,
800,
370,
520,
530,
1350,
670,
2060,
1390,
590,
2075,
1900,
480,
1490,
1250,
730,
550,
570,
3430,
379,
2150,
3400,
3290,
470,
2260,
840,
820,
750,
980,
550,
2420,
1550,
2320,
799,
790,
750,
480,
1090,
2570,
2290,14.41
1490,
1680,
570,
560,
650,
2200,
1050,
460,
630,
1150,
880,
459,
1250,
1590,
1749,
1320,
1600,
499,
650,
530,
990,
3150,
750,
1879,
1450,
530,
899,
1850,
1390,
1870,
710,
1049,
1070,
630,
1149,
1420,
1400,
1890,17.46
2460,
680,
649,
1099,
3170,
1220,
2560,
699,
1270,
2280,
810,
850,
1520,
2350,
870,28.85
600,
1199,
1549,
1680,
750,
850,
690,
730,
750,
1850,
1850,
1990,
449,
830,
399,
1499,
330,
499,
1250,
350,
430,
2380,
1790,
1280,
630,
1780,
770,
640,
1550,
1550,
570,
590,
490,
566,
2670,
620,
1190,
2950,
530,
1730,
890,
1780,
1350,
299,
3170,
1980,
890,
570,
1730,
650,
610,
790,
2850,
720,
2150,
530,
720,
1920,
1260,
1370,
980,
1740,
600,
2290,14.41
350,
2370,
1150,
790,
1370,
1510,
880,
2590,
1610,
510,
520,
950,
999,
1350,
3390,
790,
2150,
3750,
2280,
399,
750,
1650,
999,
2970,
1180,
595,
790,
1500,
1180,
650,
580,
3660,
550,
999,
1450,
2480,
950,
2200,
930,
540,
620,
399,
880,
990,
1030,
1300,
930,
830,
2190,
2440,
2280,
1230,
830,
2449,
990,
2440,
850,
970,
1599,
822,
350,
2020,
2090,
698,
798,
2798,
598,
1280,
640,
1660,
1250,
1600,
1600,
1400,
1700,
2070,
1200,
899,
550,
550,
580,
1650,
590,
2280,
1580,
420,
1490,
2470,
1620,
1150,
1050,
1840,
780,
950,
990,
790,
2100,
3220,
1140,
1440,
1790,
430,
330,
570,
2145,
690,
1590,
680,
450,
510,
370,
1190,
799,
1200,
2490,
550,
540,
1690,
1799,
900,
480,
1250,
1360,
1740,
2055,
390,
1490,
1380,
1590,
990,
1450,
1900,
750,
430,
570,
650,
1650,
2250,
1140,
960,
1150,
640,
2290,14.41
1050,
1350,
590,
790,
310,
850,
1380,
590,
3500,
450,
3190,
450,
660,
1490,
4150,
2190,
530,
1860,
699,
880,
2330,
950,
1699,
730,
520,
1290,
499,
430,
1680,
530,
680,
250,
1290,
1820,
750,
2070,
560,
520,
750,
1930,
850,
2420,
400,
920,
430,
1480,
550,
990,
600,
2440,
2650,
2350,
680,
1100,
590,
890,
540,
990,
690,
520,
1480,
940,
470,
930,
519,
370,
409,
1470,
450,
999,
1599,
1230,
1670,
999,
1090,
580,
1180,
1500,
990,
1950,
930,
1150,
699,
900,
990,
699,
750,
750,
790,
2050,
650,
1969,
680,
1630,
1420,
490,
790,
890,
1950,
1780,
560,
1390,
650,
660,
1680,
855,
1990,
1977,
2230,
3950,
1670,
800,
479,
980,
850,
620,
540,
370,
400,
2290,14.41
1749,
2680,
3340,
630,
470,
2290,14.41
1440,
2990,
890,
1090,
1230,
1280,
1170,
1590,
690,
699,
2220,
3020,
2099,
2090,
479,
2990,
1250,
770,
2250,
2300,
1400,
630,
770,
1150,
1750,
1999,
560,
580,
1680,
450,
1890,17.46
2290,14.41
590,
720,
990,
2250,
690,
1720,
770,
640,
1230,
1200,
1800,
1650,
560,
1970,
490,
520,
680,
1500,
1290,
330,
580,
549,
1150,
560,
900,
590,
499,
599,
580,
550,
1300,
730,
890,
1299,
1540,
639,
1040,
1770,
550,
590,
480,
1580,
2080,
500,
1490,
399,
1390,
410,
2218,
340,
1490,
1920,
1850,
580,
1999,
1899,
640,
450,
1030,
1419,
1390,
2920,
790,
550,
550,
2350,
1690,
650,
1699,
1080,
2350,
750,
590,
450,
1240,
1940,
1680,
1350,
1170,
2190,
650,
590,
720,
730,
620,
500,
2300,
620,
960,
1720,
740,
460,
1690,
2290,14.41
870,28.85
890,
1399,
649,
630,
570,
1690,
1760,
1750,
740,
2050,
1270,
540,
1840,
1220,
800,
1399,
585,
1500,
1499,
850,
850,
730,
1360,
2350,
1850,
470,
1050,
550,
1810,
1000,
680,
1130,
750,
1250,
599,
360,
880,
900,
1120,
1030,
350,
370,
389,
2280,
719,
720,
420,
1200,
1050,
490,
860,
590,
740,
1830,
650,
1800,
1170,
880,
1320,
1160,
2250,
1970,
2590,
2400,
850,
1170,
1390,
1240,
3799,
999,
700,
550,
430,
890,
2650,
550,
499,
1220,
950,
790,
2050,
2450,
450,
399,
2700,
250,
1390,
650,
2390,
1650,
1390,
2450,
849,
1239,
1350,
2099,
720,
2320,
820,
1590,
1150,
680,
430,
1480,
1250,
1650,
1520,
810,
1429,
539,
990,
1770,
1490,
1230,
598,
3630,
3890,
1190,
1390,
940,
750,
1670,
690,
480,
3280,
2510,
880,
410,
1620,
570,
1660,
1990,
1850,
575,
580,
1690,
730,
700,
570,
600,
899,
550,
1140,
2980,
1720,
1330,
690,
640,
850,
1630,
530,
1770,
1930,
770,
1920,
620,
500,
1090,
1690,
1690,
1199,
800,
690,
630,
800,
550,
390,
1750,
890,
1990,
1170,
938,
1550,
1490,
830,
3840,
600,
950,
570,
3290,
1670,
720,
770,
2200,
790,
870,28.85
2490,
470,
299,
150,
380,
440,
220,
390,
520,
550,
440,
399,
199,
250,
420,
290,
499,
480,
260,
199,
500,
500,
380,
490,
390,
520,
540,
370,
240,
299,
220,
400,
399,
250,
698,
720,
620,
548,
620,
189,
429,
619,
260,
289,
199,
170,
220,
470,
270,
190,
199,
520,
230,
450,
390,
250,
210,
349,
350,
460,
470,
250,
390,
360,
550,
640,
450,
499,
200,
750,
699,
470,
280,
520,
290,
720,
380,
399,
169,
649,
379,
440,
230,
280,
380,
450,
430,
580,
460,
260,
530,
450,
340,
420,
450,
460,
260,
270,
480,
720,
430,
690,
299,
550,
640,
380,
390,
210,
260,
220,
490,
590,
220,
299,
280,
589,
699,
220,
450,
390,
420,
250,
359,
390,
370,
205,
650,
330,
250,
370,
450,
559,
220,
590,
590,
550,
690,
490,
180,
760,
490,
190,
270,
390,
250,
544,
299,
610,
230,
380,
399,
200,
430,
390,
499,
560,
430,
180,
390,
520,
549,
250,
530,
450,
490,
340,
220,
390,
290,
470,
620,
450,
850,
750,
279,
430,
730,
380,
450,
450,
230,
490,
269,
599,
430,
520,
370,
440,
270,
430,
600,
260,
430,
260,
400,
240,
390,
299,
300,
570,
365,
340,
399,
735,
610,
269,
630,
670,
420,
350,
570,
599,
750,
550,
490,
550,
680,
250,
430,
230,
270,
650,
590,
460,
470,
600,
340,
270,
450,
590,
190,
650,
399,
499,
180,
330,
240,
650,
299,
660,
270,
259,
690,
450,
230,
699,
390,
390,
680,
580,
380,
549,
390,
290,
420,
500,
330,
350,
270,
380,
390,
250,
259,
330,
440,
300,
250,
720,
690,
750,
520,
520,
510,
150,
470,
120,
100,
390,
529,
629,
589,
679,
669,
699,
320,
680,
350,
690,
720,
380,
260,
230,
280,
260,
450,
670,
470,
400,
360,
450,
440,
250,
400,
230,
250,
750,
430,
599,
690,
580,
580,
480,
220,
650,
490,
320,
580,
450,
290,
495,
255,
450,
255,
570,
309,
220,
360,
640,
399,
220,
590,
520,
490,
390,
590,
710,
590,
640,
640,
180,
640,
390,
350,
550,
350,
560,
190,
390,
180,
390,
150,
580,
250,
370,
480,
220,
410,
450,
430,
430,
500,
550,
490,
199,
290,
220,
490,
180,
375,
250,
559,
180,
440,
469,
430,
589,
379,
300,
390,
350,
320,
180,
470,
699,
540,
630,
780,
570,
550,
530,
320,
530,
420,
539,
250,
600,
330,
380,
250,
450,
230,
380,
360,
170,
370,
499,
350,
660,
270,
395,
249,
319,
580,
450,
680,
190,
630,
520,
250,
400,
430,
199,
330,
330,
360,
500,
450,
420,
570,
650,
560,
439,
540,
490,
590,
230,
249,
690,
690,
530,
299,
340,
290,
550,
690,
970,
260,
199,
549,
440,
440,
290,
349,
600,
190,
209,
290,
490,
460,
590,
660,
690,
540,
290,
290,
339,
780,
399,
490,
460,
550,
490,
630,
690,
339,
430,
550,
270,
250,
399,
620,
550,
290,
550,
690,
450,
250,
390,
580,
680,
190,
240,
260,
570,
630,
577,
390,
340,
457,
500,
520,
372,
450,
490,
320,
259,
260,
270,
350,
580,
370,
570,
340,
490,
450,
690,
568,
650,
380,
280,
470,
450,
225,
850,
169,
790,
130,
420,
200,
250,
360,
550,
185,
550,
550,
550,
290,
430,
730,
250,
350,
700,
499,
399,
480,
350,
220,
660,
473,
650,
450,
399,
597,
630,
340,
490,
530,
680,
199,
349,
470,
570,
660,
490,
160,
249,
420,
550,
522,
400,
650,
450,
390,
630,
450,
545,
480,
220,
450,
500,
530,
290,
430,
450,
299,
720,
249,
420,
650,
360,
510,
650,
650,
680,
170,
650,
490,
470,
530,
690,
399,
340,
220,
470,
670,
450,
180,
330,
350,
340,
235,
530,
450,
500,
250,
660,
520,
200,
440,
670,
370,
250,
700,
599,
680,
330,
270,
450,
750,
297,
399,
530,
670,
300,
400,
170,
430,
290,
290,
650,
599,
280,
700,
520,
500,
620,
540,
599,
340,
399,
550,
470,
250,
630,
299,
230,
420,
730,
290,
480,
280,
450,
570,
430,
610,
280,
190,
470,
470,
390,
250,
560,
490,
550,
530,
350,
450,
490,
270,
590,
530,
559,
240,
640,
450,
420,
290,
270,
490,
719,
590,
580,
620,
260,
630,
589,
390,
450,
350,
650,
490,
620,
640,
370,
540,
490,
580,
560,
740,
650,
590,
390,
280,
680,
850,
200,
280,
469,
450,
470,
730,
410,
280,
550,
270,
599,
699,
570,
670,
470,
630,
295,
399,
200,
340,
290,
290,
650,
750,
490,
490,
210,
400,
480,
450,
379,
450,
370,
380,
590,
190,
480,
520,
450,
270,
550,
230,
630,
549,
290,
400,
430,
250,
240,
630,
230,
750,
660,
380,
550,
295,
450,
350,
330,
620,
550,
350,
750,
620,
680,
670,
580,
650,
380,
550,
650,
850,
450,
750,
740,
350,
290,
320,
480,
690,
380,
370,
450,
470,
430,
480,
260,
540,
329,
480,
369,
590,
380,
550,
550,
250,
190,
558,
300,
180,
640,
350,
430,
550,
580,
730,
230,
580,
290,
680,
380,
470,
540,
189,
380,
450,
690,
750,
560,
590,
290,
430,
480,
299,
550,
270,
270,
370,
270,
420,
650,
390,
220,
339,
333,
220,
630,
690,
660,
600,
419,
690,
540,
290,
420,
450,
190,
590,
250,
260,
520,
570,
500,
150,
379,
250,
330,
500,
590,
320,
550,
530,
460,
390,
199,
730,
548,
520,
399,
498,
298,
348,
468,
698,
450,
470,
750,
750,
250,
270,
480,
600,
250,
685,
610,
450,
650,
390,
399,
610,
470,
450,
450,
495,
570,
460,
480,
420,
690,
400,
530,
590,
450,
560,
190,
250,
820,
740,
390,
390,
490,
279,
700,
490,
590,
200,
480,
230,
620,
330,
440,
470,
390,
490,
180,
230,
780,
400,
430,
580,
290,
210,
666,
440,
250,
460,
319,
349,
650,
280,
250,
250,
420,
570,
530,
370,
220,
290,
390,
250,
220,
640,
719,
330,
299,
220,
499,
299,
440,
590,
380,
350,
250,
480,
610,
690,
220,
650,
280,
540,
450,
480,
630,
255,
450,
660,
550,
470,
350,
410,
430,
490,
460,
250,
620,
690,
390,
220,
500,
250,
450,
450,
390,
460,
679,
770,
590,
740,
309,
399,
599,
470,
490,
450,
430,
430,
660,
340,
420,
590,
350,
650,
430,
590,
699,
500,
399,
570,
520,
350,
670,
190,
190,
190,
400,
320,
480,
420,
499,
490,
350,
250,
350,
639,
230,
550,
370,
470,
450,
230,
510,
290,
570,
680,
750,
520,
390,
750,
200,
550,
440,
680,
370,
280,
590,
690,
490,
420,
540,
450,
790,
320,
420,
530,
590,
420,
390,
400,
740,
470,
480,
240,
340,
270,
740,
270,
350,
390,
450,
440,
390,
560,
359,
250,
249,
799,
670,
430,
450,
480,
390,
290,
330,
190,
720,
280,
500,
560,
800,
340,
340,
540,
650,
390,
600,
440,
530,
350,
340,
470,
500,
730,
530,
620,
340,
460,
570,
460,
420,
620,
260,
700,
380,
670,
990,
310,
579,
350,
230,
400,
220,
299,
450,
560,
360,
499,
550,
440,
190,
300,
599,
180,
680,
550,
250,
350,
440,
400,
450,
440,
390,
470,
399,
500,
400,
250,
450,
720,
250,
470,
400,
330,
650,
655,
450,
490,
330,
590,
770,
530,
840,
290,
570,
500,
580,
190,
220,
400,
570,
250,
510,
480,
399,
620,
440,
600,
390,
350,
550,
750,
390,
720,
320,
600,
239,
430,
620,
550,
500,
540,
379,
210,
690,
220,
590,
290,
499,
420,
220,
499,
350,
499,
300,
290,
450,
360,
390,
540,
620,
620,
370,
520,
420,
330,
720,
440,
550,
500,
540,
230,
430,
480,
780,
240,
500,
500,
390,
220,
680,
770,
500,
620,
550,
480,
370,
380,
490,
420,
390,
398,
480,
425,
500,
999,
230,
330,
450,
320,
680,
340,
360,
310,
630,
680,
620,
360,
500,
330,
220,
420,
300,
420,
230,
430,
520,
660,
420,
770,
430,
499,
250,
430,
250,
340,
499,
559,
570,
480,
730,
370,
490,
390,
588,
580,
550,
690,
690,
570,
490,
499,
449,
180,
590,
480,
530,
290,
340,
390,
380,
630,
580,
620,
680,
690,
330,
475,
380,
290,
290,
750,
200,
390,
230,
280,
255,
650,
229,
290,
299,
450,
300,
190,
430,
590,
590,
349,
280,
430,
630,
279,
270,
570,
530,
599,
310,
530,
520,
450,
320,
225,
499,
700,
450,
570,
330,
390,
690,
630,
500,
500,
330,
549,
280,
430,
230,
340,
270,
540,
490,
230,
330,
650,
530,
720,
380,
490,
270,
400,
230,
380,
330,
320,
500,
290,
290,
659,
450,
250,
290,
590,
490,
420,
250,
490,
490,
380,
710,
559,
470,
490,
580,
640,
200,
235,
690,
450,
530,
790,
359,
195,
450,
195,
395,
650,
550,
480,
230,
270,
220,
590,
250,
249,
190,
760,
199,
469,
330,
230,
530,
549,
490,
450,
390,
740,
280,
470,
500,
800,
550,
190,
250,
700,
520,
195,
250,
230,
550,
490,
690,
250,
370,
499,
420,
430,
230,
560,
620,
380,
490,
500,
440,
450,
200,
490,
399,
650,
550,
530,
420,
520,
390,
670,
550,
400,
450,
270,
350,
480,
250,
550,
515,
510,
279,
230,
300,
450,
550,
450,
595,
530,
499,
560,
630,
490,
220,
420,
290,
640,
390,
450,
590,
380,
270,
840,
290,
550,
550,
250,
350,
170,
690,
650,
450,
280,
290,
340,
530,
470,
500,
499,
550,
450,
450,
240,
450,
329,
350,
390,
450,
440,
490,
570,
220,
490,
550,
420,
500,
490,
750,
480,
480,
680,
199,
505,
360,
540,
490,
600,
220,
370,
230,
260,
350,
350,
450,
340,
390,
260,
230,
450,
183,
290,
230,
520,
590,
420,
390,
450,
350,
490,
250,
489,
190,
720,
770,
280,
670,
250,
120,
250,
470,
999,
150,
350,
220,
530,
310,
490,
320,
390,
380,
230,
260,
160,
250,
450,
440,
540,
570,
520,
550,
195,
320,
210,
500,
200,
250,
390,
490,
380,
530,
450,
270,
240,
410,
439,
430,
370,
340,
199,
550,
240,
270,
740,
360,
220,
230,
585,
149,
630,
680,
290,
500,
450,
280,
400,
390,
290,
999,
210,
650,
530,
480,
680,
299,
280,
350,
490,
230,
290,
590,
450,
350,
610,
390,
250,
360,
780,
300,
300,
380,
490,
530,
290,
290,
380,
380,
280,
250,
550,
380,
540,
220,
290,
399,
420,
520,
370,
440,
430,
490,
220,
420,
620,
500,
499,
530,
480,
280,
550,
400,
340,
650,
199,
699,
509,
390,
480,
470,
280,
320,
490,
199,
499,
690,
540,
340,
420,
199,
430,
590,
550,
590,
290,
440,
650,
250,
270,
350,
520,
270,
400,
390,
470,
400,
590,
590,
300,
240,
390,
299,
549,
430,
530,
450,
350,
350,
500,
220,
670,
450,
540,
370,
460,
620,
230,
430,
230,
520,
300,
499,
380,
450,
430,
270,
230,
510,
560,
580,
420,
350,
570,
180,
289,
250,
250,
270,
480,
600,
250,
479,
265,
390,
450,
380,
560,
460,
530,
260,
260,
490,
280,
550,
250,
430,
260,
540,
240,
490,
370,
280,
290,
390,
590,
250,
500,
400,
400,
350,
450,
470,
540,
430,
550,
380,
450,
399,
240,
250,
430,
620,
220,
240,
490,
219,
480,
500,
380,
590,
390,
650,
520,
599,
480,
290,
390,
499,
660,
500,
480,
530,
450,
520,
230,
450,
430,
790,
440,
220,
670,
499,
430,
390,
499,
550,
999,
730,
550,
270,
640,
230,
510,
730,
520,
230,
360,
230,
630,
500,
470,
499,
250,
290,
300,
550,
550,
490,
420,
650,
530,
580,
340,
370,
610,
230,
540,
750,
540,
450,
500,
480,
530,
250,
240,
510,
399,
490,
520,
550,
350,
390,
470,
330,
530,
590,
530,
530,
640,
630,
250,
499,
280,
490,
330,
260,
390,
450,
310,
690,
550,
650,
469,
330,
440,
520,
720,
399,
430,
650,
999,
350,
590,
199,
450,
540,
251,
399,
660,
290,
290,
550,
350,
650,
260,
430,
560,
430,
550,
280,
420,
330,
299,
220,
350,
590,
690,
250,
250,
630,
480,
250,
520,
280,
490,
290,
420,
290,
450,
250,
630,
400,
420,
280,
350,
650,
299,
400,
790,
330,
490,
560,
290,
600,
420,
530,
480,
390,
550,
490,
590,
490,
580,
555,
430,
260,
470,
450,
430,
390,
250,
529,
590,
350,
470,
780,
300,
590,
255,
220,
530,
890,
250,
490,
220,
590,
470,
680,
460,
410,
650,
270,
430,
510,
430,
380,
480,
390,
470,
590,
530,
299,
1200,
550,
380,
620,
299,
580,
480,
230,
370,
490,
199,
1390,
450,
690,
450,
500,
430,
1149,
400,
590,
520,
700,
420,
290,
420,
290,
380,
740,
390,
220,
499,
330,
650,
599,
650,
370,
499,
720,
570,
530,
330,
490,
470,
630,
490,
420,
500,
490,
290,
290,
560,
260,
550,
320,
950,
340,
590,
520,
1320,
790,
250,
920,
590,
290,
380,
510,
380,
650,
529,
550,
540,
160,
350,
530,
260,
280,
650,
330,
490,
460,
310,
590,
550,
395,
449,
299,
250,
690,
270,
270,
320,
680,
420,
290,
610,
790,
1070,
450,
499,
420,
390,
360,
299,
260,
480,
480,
580,
230,
1250,
450,
390,
580,
430,
480,
230,
270,
780,
399,
380,
280,
280,
1200,
580,
590,
330,
440,
480,
280,
499,
300,
700,
540,
380,
550,
450,
350,
340,
490,
600,
730,
650,
640,
390,
940,
670,
530,
490,
290,
300,
285,
420,
570,
390,
499,
219,
540,
520,
299,
450,
590,
430,
290,
430,
550,
490,
420,
330,
650,
800,
580,
370,
280,
295,
550,
320,
280,
420,
370,
300,
350,
630,
999,
700,
280,
380,
730,
1370,
610,
399,
495,
420,
590,
480,
500,
320,
500,
330,
350,
260,
420,
799,
840,
870,28.85
730,
590,
1130,
230,
399,
249,
560,
550,
400,
350,
570,
390,
445,
900,
530,
490,
520,
460,
260,
530,
1160,
290,
299,
250,
240,
249,
299,
249,
249,
690,
300,
650,
249,
460,
420,
430,
470,
280,
580,
670,
420,
490,
330,
550,
540,
480,
400,
299,
750,
350,
540,
450,
250,
599,
680,
480,
380,
450,
350,
1430,
460,
750,
530,
400,
750,
280,
800,
650,
450,
230,
220,
280,
490,
460,
770,
650,
210,
510,
370,
490,
450,
290,
290,
590,
790,
670,
590,
450,
540,
500,
499,
380,
450,
680,
540,
250,
410,
390,
229,
330,
1200,
290,
370,
290,
260,
590,
320,
350,
360,
470,
299,
320,
880,
250,
680,
750,
590,
250,
230,
620,
380,
410,
680,
270,
260,
320,
520,
399,
196,
590,
720,
880,
590,
490,
530,
540,
370,
280,
630,
260,
250,
499,
470,
470,
400,
790,
520,
290,
740,
1250,
530,
400,
370,
770,
400,
240,
490,
390,
690,
599,
350,
680,
499,
390,
380,
850,
1290,
420,
299,
510,
440,
460,
730,
630,
390,
490,
380,
599,
499,
570,
400,
550,
475,
550,
349,
400,
399,
495,
390,
390,
600,
280,
700,
830,
690,
390,
330,
360,
450,
220,
520,
490,
550,
490,
650,
350,
630,
629,
390,
540,
450,
330,
470,
449,
610,
580,
350,
450,
590,
780,
650,
630,
560,
280,
480,
350,
470,
630,
730,
430,
770,
770,
570,
665,
350,
470,
390,
720,
490,
520,
450,
360,
870,28.85
450,
630,
220,
450,
260,
220,
590,
290,
500,
590,
290,
500,
590,
380,
230,
260,
430,
230,
270,
1260,
1850,
1299,
700,
720,
720,
1050,
1350,
1570,
1520,
1480,
1050,
1620,
400,
780,
1350,
990,
1870,
550,
1660,
699,
690,
1599,
1160,
1360,
1690,
1650,
620,
1470,
1980,
1390,
1350,
840,
990,
1150,
1470,
950,
1030,
650,
590,
1530,
1050,
2160,
2060,
1190,
2030,
1090,
1130,
1330,
450,
760,
570,
1150,
1230,
840,
1500,
1260,
1840,
1420,
1650,
1170,
1700,
1530,
2190,
690,
700,
1530,
1560,
910,
2099,
590,
690,
1690,
1320,
1299,
1460,
830,
2190,
550,
1520,
1390,
1050,
1350,
1900,
1840,
2130,
1490,
1550,
690,
1245,
1690,
1190,
1370,
2100,
1340,
560,
1000,
1680,
1320,
1199,
1479,
1590,
1430,
1180,
1100,
1230,
1850,
1240,
1880,
1900,
1170,
1650,
1890,17.46
1370,
550,
899,
590,
420,
1599,
630,
1090,
1260,
1430,
1440,
1980,
1145,
2340,
1730,
930,
1150,
1650,
790,
1330,
1290,
1199,
1710,
1299,
1600,
1620,
1600,
599,
1280,
560,
430,
2050,
1199,
1700,
999,
1150,
1020,
1270,
599,
1290,
730,
1550,
1770,
1280,
1890,17.46
1380,
1050,
1159,
1050,
800,
470,
1550,
1230,
1850,
1600,
1600,
480,
2409,
1175,
1780,
1690,
1650,
880,
2100,
1650,
1950,
460,
670,
1090,
1580,
450,
969,
1720,
2279,
730,
1090,
730,
480,
1200,
620,
1440,
1379,
1390,
1800,
1179,
1460,
699,
820,
1600,
1090,
1390,
1020,
710,
1899,
1750,
1269,
1490,
1730,
1720,
530,
1270,
1650,
740,
1830,
1490,
1650,
1460,
570,
1380,
1450,
2330,
1790,
830,
1190,
1500,
470,
790,
1379,
700,
970,
599,
1010,
670,
1100,
1699,
720,
620,
399,
1359,
1550,
1100,
1230,
1200,
1330,
1450,
1390,
930,
1390,
1390,
1600,
579,
890,
1980,
1450,
1477,
1620,
1670,
950,
1480,
1450,
580,
1399,
1130,
1190,
1120,
950,
1265,
830,
560,
540,
680,
1780,
570,
2350,
830,
550,
1800,
730,
980,
580,
1699,
480,
520,
1350,
1690,
1750,
1820,
2150,
1400,
1890,17.46
950,
1480,
449,
1350,
890,
1550,
650,
1020,
990,
850,
890,
750,
1898,
950,
1620,
1990,
1769,
1190,
1550,
1390,
990,
850,
950,
1850,
1730,
1420,
1190,
1850,
1770,
950,
590,
1140,
2020,
580,
1020,
1020,
1030,
1260,
1160,
1150,
610,
1900,
1320,
2280,
600,
650,
1550,
590,
520,
1630,
1590,
1050,
1599,
2100,
1430,
1590,
1050,
1820,
650,
1720,
1380,
1940,
850,
1390,
1580,
1150,
1490,
570,
840,
1260,
610,
999,
490,
930,
890,
1680,
2340,
2430,
1140,
2290,14.41
500,
1190,
1620,
1099,
950,
1050,
1170,
1260,
1080,
1570,
1650,
1630,
1430,
2150,
1150,
599,
1690,
1790,
1300,
2350,
1840,
1270,
830,
499,
420,
1350,
2270,
690,
1650,
1290,
2199,
1699,
1850,
1050,
2200,
690,
820,
990,
990,
1470,
1620,
600,
590,
599,
1890,17.46
1290,
1880,
1480,
1570,
610,
1380,
590,
1380,
1680,
1650,
730,
1050,
2000,
2000,
520,
500,
1360,
1690,
1020,
700,
880,
890,
1099,
1650,
1230,
1240,
1680,
1680,
2580,
1325,
380,
1570,
500,
430,
1220,
900,
800,
670,
1239,
1600,
1250,
1990,
2020,
1499,
2200,
1060,
870,28.85
1750,
650,
1420,
1050,
900,
990,
1390,
1690,
690,
680,
1440,
1390,
530,
490,
550,
490,
1555,
910,
999,
770,
1730,
600,
1080,
1109,
2280,
780,
670,
799,
849,
1380,
1640,
770,
530,
1590,
1020,
1300,
850,
920,
650,
1090,
1350,
1350,
1940,
479,
1099,
555,
1149,
2120,
940,
1650,
1769,
2290,14.41
2390,
1090,
1670,
1140,
620,
560,
1250,
1490,
1700,
1650,
2590,
850,
1810,
1390,
1270,
369,
2560,
1640,
1680,
1520,
820,
1550,
1080,
830,
630,
1280,
1699,
590,
530,
1550,
1550,
580,
1290,
1450,
1750,
1170,
2150,
990,
1700,
630,
1240,
1675,
1450,
1199,
1250,
1960,
882,
790,
1100,
1650,
1549,
1350,
1650,
1950,
1300,
480,
1700,
570,
1950,
1590,
1950,
1500,
2019,
1449,
2190,
1850,
599,
1450,
1800,
960,
2180,
650,
650,
570,
960,
699,
1750,
1750,
1120,
600,
1350,
680,
599,
860,
770,
1890,17.46
1790,
1490,
1950,
630,
1330,
1150,
1290,
1290,
650,
1020,
519,
1870,
1599,
670,
1490,
1050,
630,
500,
590,
680,
1070,
1040,
1650,
1280,
1220,
1220,
1750,
450,
1360,
1050,
1290,
640,
1790,
1200,
480,
790,
1190,
1650,
880,
390,
1480,
800,
699,
530,
1180,
1540,
950,
1050,
1890,17.46
390,
1680,
699,
1460,
2250,
1330,
550,
1070,
1240,
1270,
1380,
1290,
790,
730,
550,
1799,
1330,
1790,
2339,
840,
420,
550,
570,
1320,
1630,
720,
1570,
1770,
1590,
490,
930,
2159,
1090,
630,
1900,
630,
690,
1550,
1680,
470,
2250,
770,
990,
1390,
1280,
1360,
1050,
650,
670,
1060,
1329,
1150,
1250,
1390,
580,
1700,
499,
2350,
2150,
2150,
2170,
1400,
1110,
520,
1850,
2133,
650,
1490,
1550,
1450,
1850,
520,
2080,
1649,
1630,
1140,
1990,
850,
2200,
1820,
630,
1750,
1050,
799,
500,
1370,
1690,
1350,
520,
420,
1989,
1699,
1390,
630,
1470,
600,
590,
1180,
1499,
770,
730,
1833,
490,
1550,
1530,
1850,
1139,
1270,
1579,
1680,
690,
795,
1299,
990,
990,
950,
1290,
800,
1165,
779,
1669,
2449,
1300,
850,
1180,
670,
1190,
1700,
1440,
1460,
1670,
990,
550,
1360,
1380,
950,
799,
1090,
1070,
1580,
2050,
1730,
1250,
1890,17.46
1800,
950,
1350,
1440,
1340,
1240,
680,
1199,
600,
1730,
840,
1290,
640,
1740,
640,
730,
1290,
980,
890,
590,
1800,
1399,
1530,
1790,
1670,
1300,
1690,
1490,
1150,
680,
1690,
1290,
1290,
1350,
2100,
499,
530,
670,
1490,
850,
1140,
1570,
640,
1220,
720,
500,
2870,
600,
1850,
2750,
2100,
1600,
650,
890,
1520,
790,
2350,
1299,
1699,
1680,
1430,
1720,
1700,
650,
2120,
1170,
1250,
1250,
1450,
899,
530,
1470,
2450,
1399,
2300,
1680,
1120,
2269,
1490,
2300,
1270,
780,
1230,
590,
499,
830,
1290,
1450,
650,
590,
1170,
790,
650,
1140,
1290,
790,
600,
495,
2190,
460,
1450,
2099,
1190,
1300,
1500,
570,
1340,
530,
1580,
590,
1370,
560,
650,
1380,
1380,
1090,
900,
1319,
620,
630,
1340,
610,
1850,
1190,
1420,
1420,
830,
2000,
890,
1350,
1230,
499,
1290,
1490,
1730,
1660,
570,
1199,
1900,
1390,
1510,
1799,
1700,
1250,
1340,
730,
2390,
1330,
499,
789,
1680,
590,
899,
1590,
1590,
780,
999,
660,
920,
890,
780,
690,
1630,
1099,
670,
550,
450,
1350,
1600,
789,
950,
2290,14.41
920,
1680,
1080,
490,
520,
1450,
1790,
1250,
960,
1220,
700,
1370,
1170,
890,
1450,
1680,
540,
1490,
760,
1990,
1570,
630,
1759,
1420,
1290,
1690,
1250,
1120,
630,
1150,
1100,
950,
590,
630,
1280,
1200,
1400,
1100,
560,
590,
1080,
899,
1095,
1490,
560,
1105,
890,
950,
490,
1670,
2199,
1199,
790,
1298,
1130,
1290,
1190,
1290,
2030,
1890,17.46
1350,
550,
750,
1399,
1150,
1760,
1970,
1770,
790,
1480,
799,
620,
1230,
680,
1170,
1430,
1430,
1590,
1350,
1060,
1549,
1200,
1999,
1650,
1620,
1720,
1630,
799,
1870,
599,
1355,
1199,
1199,
1390,
699,
670,
1300,
730,
520,
620,
1180,
599,
500,
1830,
1409,
1630,
490,
800,
620,
1400,
1590,
690,
1330,
960,
620,
1670,
1299,
1150,
1039,
1290,
1490,
1190,
1090,
1730,
550,
1390,
1290,
1720,
1690,
2190,
1090,
830,
1540,
1850,
1259,
1290,
1690,
1399,
990,
699,
2090,
1450,
500,
690,
1570,
999,
630,
560,
999,
1600,
2750,
670,
690,
1099,
1320,
759,
1290,
890,
1230,
1150,
1750,
1130,
2099,
2090,
1699,
1970,
620,
1020,
650,
1370,
490,
1030,
1420,
1350,
1999,
590,
560,
1060,
2120,
1630,
729,
690,
770,
1379,
600,
799,
1890,17.46
680,
730,
940,
1590,
850,
650,
1050,
590,
1180,
1190,
690,
480,
1259,
1600,
630,
1390,
2150,
1850,
1359,
1470,
2050,
1900,
1059,
770,
620,
1190,
1090,
1290,
570,
980,
990,
1199,
1190,
640,
470,
1250,
1539,
1439,
2050,
1480,
960,
1650,
1350,
2070,
1470,
850,
1100,
1250,
1720,
450,
1390,
1212,
1199,
699,
1630,
1690,
1350,
1320,
1120,
820,
1630,
1600,
650,
790,
890,
1570,
1690,
1390,
2190,
860,
560,
550,
560,
1390,
440,
1399,
1730,
1070,
1690,
1290,
1280,
1200,
1370,
1260,
1380,
1850,
900,
550,
1230,
1150,
2400,
1195,
1490,
1450,
829,
650,
1350,
680,
1699,
1140,
430,
690,
830,
1590,
1450,
1360,
1190,
1770,
620,
580,
1390,
2190,
1080,
1850,
450,
2050,
680,
1190,
799,
1380,
1770,
1470,
1490,
1780,
999,
1170,
580,
750,
580,
1420,
890,
1170,
1590,
990,
700,
2050,
849,
1890,17.46
1840,
530,
1580,
1050,
920,
1620,
1500,
1520,
2300,
650,
1340,
1099,
1690,
1260,
1050,
950,
520,
600,
950,
770,
700,
1680,
850,
1180,
1640,
1420,
1000,
1990,
499,
1250,
800,
1640,
1499,
490,
780,
1920,
650,
580,
900,
1750,
1250,
480,
690,
1320,
1890,17.46
590,
940,
1260,
750,
550,
470,
870,28.85
680,
1050,
1590,
1790,
1720,
1470,
1530,
1550,
800,
1500,
1770,
1310,
1090,
1370,
1450,
770,
1360,
1620,
1300,
1480,
550,
899,
470,
1079,
990,
699,
1760,
780,
438,
2300,
650,
1990,
1630,
1490,
1190,
1430,
800,
1489,
520,
1490,
1950,
720,
690,
1670,
1799,
1530,
1157,
1280,
980,
1820,
1890,17.46
1670,
490,
720,
1730,
1650,
650,
1150,
1300,
1150,
650,
680,
490,
590,
630,
1470,
890,
650,
1490,
630,
1450,
1930,
1030,
1190,
630,
2100,
590,
830,
1030,
2090,
850,
650,
369,
1740,
1350,
1070,
420,
1390,
1050,
1250,
1490,
1650,
1290,
1420,
2450,
450,
1400,
480,
550,
1690,
1530,
1580,
2380,
560,
1290,
1920,
2300,
1100,
1100,
879,
1470,
1200,
1350,
1180,
899,
950,
1230,
1590,
1370,
760,
1680,
1599,
1050,
1690,
1490,
930,
799,
1390,
920,
399,
1090,
1250,
790,
1599,
1370,
1440,
490,
1130,
1050,
860,
490,
1050,
820,
1680,
1550,
1460,
1730,
1400,
2270,
1790,
690,
940,
1390,
470,
590,
650,
1799,
870,28.85
1599,
590,
1699,
780,
1425,
690,
1500,
1429,
1320,
940,
1550,
930,
1590,
1250,
1790,
2380,
970,
950,
860,
840,
1610,
860,
620,
1490,
990,
700,
850,
1230,
1060,
1290,
920,
1490,
850,
2130,
2150,
1430,
1130,
520,
1100,
1280,
1400,
2300,
940,
869,
1150,
1240,
1770,
1799,
950,
1490,
490,
1570,
1850,
1930,
750,
690,
1340,
1470,
1650,
590,
650,
650,
1020,
1390,
1750,
480,
620,
749,
880,
890,
1270,
1899,
1199,
550,
2169,
1380,
600,
700,
500,
1399,
930,
1090,
590,
1560,
1540,
630,
1380,
1420,
940,
1430,
690,
1850,
2100,
1690,
830,
1530,
520,
1530,
530,
780,
1090,
590,
490,
1790,
550,
1000,
599,
1700,
900,
1590,
750,
1050,
650,
1290,
750,
1350,
1240,
590,
1899,
1190,
730,
1090,
1290,
1150,
1920,
1599,
1060,
2290,14.41
2230,
590,
1020,
1890,17.46
680,
2299,
410,
1849,
1100,
1690,
790,
470,
580,
530,
1610,
1120,
1799,
1150,
2050,
1390,
1220,
960,
590,
2190,
850,
1250,
1180,
2180,
1499,
520,
640,
660,
2100,
1190,
1320,
1399,
1480,
1550,
1350,
450,
680,
1860,
670,
1199,
1899,
475,
650,
1150,
890,
1540,
790,
680,
1090,
680,
890,
500,
750,
1520,
2400,
520,
550,
1550,
1670,
830,
620,
660,
1399,
690,
599,
620,
2050,
590,
2170,
1890,17.46
1230,
1400,
770,
1390,
1470,
690,
990,
750,
1300,
880,
2590,
480,
1690,
810,
740,
450,
1130,
560,
950,
600,
950,
780,
560,
580,
790,
1160,
695,
1050,
1200,
990,
599,
950,
1430,
1970,
930,
590,
630,
1180,
650,
650,
1050,
1680,
850,
900,
2100,
550,
1550,
1400,
650,
1880,
530,
1690,
2350,
670,
1400,
500,
630,
1480,
1380,
1550,
720,
940,
650,
580,
1550,
690,
1290,
850,
560,
1200,
1690,
660,
690,
820,
1380,
820,
750,
480,
870,28.85
890,
1400,
699,
540,
1499,
1199,
1880,
700,
490,
890,
1299,
950,
990,
690,
880,
1430,
2380,
1650,
920,
1690,
1399,
580,
690,
970,
880,
1120,
1580,
1050,
1280,
1290,
880,
1890,17.46
1790,
620,
2030,
720,
1290,
720,
530,
1520,
650,
1550,
990,
750,
1090,
930,
1190,
550,
560,
690,
1590,
950,
770,
650,
590,
1070,
1950,
650,
1440,
930,
1590,
1010,
690,
1840,
1330,
980,
850,
600,
770,
1360,
1150,
1280,
1320,
730,
1980,
1030,
740,
1280,
1480,
1240,
810,
720,
1980,
730,
850,
360,
1390,
790,
1399,
1420,
1150,
580,
1050,
1480,
1680,
1690,
2180,
820,
1060,
1390,
1490,
850,
1470,
870,28.85
1490,
850,
1260,
690,
1920,
950,
850,
1450,
1290,
1790,
990,
650,
1420,
1650,
1330,
790,
590,
730,
890,
1770,
1290,
1070,
950,
990,
1390,
2050,
1950,
890,
1650,
2340,
730,
1350,
1730,
570,
1770,
770,
590,
1140,
500,
2250,
700,
770,
1899,
1190,
